nr_reviews;beer_name;time_review;localisation;score;user
7;Kronenbourg 1664;FEB 6, 2018;Cholet, FRANCE;3 out of 5.0<br /><small>Aroma 6/10<br />Appearance 5/5<br />Taste 6/10<br />Palate 3/5<br />Overall 10/20<br /></small>;482278
7;Kronenbourg 1664;FEB 6, 2018;Cholet, FRANCE;3 out of 5.0<br /><small>Aroma 6/10<br />Appearance 5/5<br />Taste 6/10<br />Palate 3/5<br />Overall 10/20<br /></small>;482278
7;Kronenbourg 1664;FEB 6, 2018;Cholet, FRANCE;3 out of 5.0<br /><small>Aroma 6/10<br />Appearance 5/5<br />Taste 6/10<br />Palate 3/5<br />Overall 10/20<br /></small>;482278
7;Kronenbourg 1664;FEB 6, 2018;Cholet, FRANCE;3 out of 5.0<br /><small>Aroma 6/10<br />Appearance 5/5<br />Taste 6/10<br />Palate 3/5<br />Overall 10/20<br /></small>;482278
7;Kronenbourg 1664;FEB 6, 2018;Cholet, FRANCE;3 out of 5.0<br /><small>Aroma 6/10<br />Appearance 5/5<br />Taste 6/10<br />Palate 3/5<br />Overall 10/20<br /></small>;482278
7;Kronenbourg 1664;FEB 6, 2018;Cholet, FRANCE;3 out of 5.0<br /><small>Aroma 6/10<br />Appearance 5/5<br />Taste 6/10<br />Palate 3/5<br />Overall 10/20<br /></small>;482278
7;Kronenbourg 1664;FEB 6, 2018;Cholet, FRANCE;3 out of 5.0<br /><small>Aroma 6/10<br />Appearance 5/5<br />Taste 6/10<br />Palate 3/5<br />Overall 10/20<br /></small>;482278
7;Kronenbourg 1664;FEB 6, 2018;Cholet, FRANCE;3 out of 5.0<br /><small>Aroma 6/10<br />Appearance 5/5<br />Taste 6/10<br />Palate 3/5<br />Overall 10/20<br /></small>;482278
7;Kronenbourg 1664;FEB 6, 2018;Cholet, FRANCE;3 out of 5.0<br /><small>Aroma 6/10<br />Appearance 5/5<br />Taste 6/10<br />Palate 3/5<br />Overall 10/20<br /></small>;482278
5715;Leffe Ruby;FEB 11, 2018;"Tyne &amp; Wear, ENGLAND";1.1 out of 5.0<br /><small>Aroma 3/10<br />Appearance 1/5<br />Taste 2/10<br />Palate 1/5<br />Overall 4/20<br /></small>;18863
7;Kronenbourg 1664;FEB 6, 2018;Cholet, FRANCE;3 out of 5.0<br /><small>Aroma 6/10<br />Appearance 5/5<br />Taste 6/10<br />Palate 3/5<br />Overall 10/20<br /></small>;482278
5715;Leffe Ruby;FEB 11, 2018;"Tyne &amp; Wear, ENGLAND";1.1 out of 5.0<br /><small>Aroma 3/10<br />Appearance 1/5<br />Taste 2/10<br />Palate 1/5<br />Overall 4/20<br /></small>;18863
5715;Leffe Ruby;FEB 11, 2018;"Tyne &amp; Wear, ENGLAND";1.1 out of 5.0<br /><small>Aroma 3/10<br />Appearance 1/5<br />Taste 2/10<br />Palate 1/5<br />Overall 4/20<br /></small>;18863
503;Kronenbourg (Original);FEB 6, 2018;Cholet, FRANCE;1.2 out of 5.0<br /><small>Aroma 2/10<br />Appearance 1/5<br />Taste 2/10<br />Palate 1/5<br />Overall 6/20<br /></small>;481011
5715;Leffe Ruby;FEB 11, 2018;"Tyne &amp; Wear, ENGLAND";1.1 out of 5.0<br /><small>Aroma 3/10<br />Appearance 1/5<br />Taste 2/10<br />Palate 1/5<br />Overall 4/20<br /></small>;18863
5715;Leffe Ruby;FEB 11, 2018;"Tyne &amp; Wear, ENGLAND";1.1 out of 5.0<br /><small>Aroma 3/10<br />Appearance 1/5<br />Taste 2/10<br />Palate 1/5<br />Overall 4/20<br /></small>;18863
503;Kronenbourg (Original);FEB 6, 2018;Cholet, FRANCE;1.2 out of 5.0<br /><small>Aroma 2/10<br />Appearance 1/5<br />Taste 2/10<br />Palate 1/5<br />Overall 6/20<br /></small>;481011
503;Kronenbourg (Original);FEB 6, 2018;Cholet, FRANCE;1.2 out of 5.0<br /><small>Aroma 2/10<br />Appearance 1/5<br />Taste 2/10<br />Palate 1/5<br />Overall 6/20<br /></small>;481011
1188;Leffe Tripel (Triple);JAN 26, 2018;Ilirska Bistrica, SLOVENIA;2.9 out of 5.0<br /><small>Aroma 7/10<br />Appearance 3/5<br />Taste 5/10<br />Palate 3/5<br />Overall 11/20<br /></small>;145216
5715;Leffe Ruby;FEB 11, 2018;"Tyne &amp; Wear, ENGLAND";1.1 out of 5.0<br /><small>Aroma 3/10<br />Appearance 1/5<br />Taste 2/10<br />Palate 1/5<br />Overall 4/20<br /></small>;18863
5715;Leffe Ruby;FEB 11, 2018;"Tyne &amp; Wear, ENGLAND";1.1 out of 5.0<br /><small>Aroma 3/10<br />Appearance 1/5<br />Taste 2/10<br />Palate 1/5<br />Overall 4/20<br /></small>;18863
1048;Kronenbourg 1664 Blanc;FEB 10, 2018;W─Ögorzewo, POLAND;2.7 out of 5.0<br /><small>Aroma 6/10<br />Appearance 4/5<br />Taste 5/10<br />Palate 2/5<br />Overall 10/20<br /></small>;357664
503;Kronenbourg (Original);FEB 6, 2018;Cholet, FRANCE;1.2 out of 5.0<br /><small>Aroma 2/10<br />Appearance 1/5<br />Taste 2/10<br />Palate 1/5<br />Overall 6/20<br /></small>;481011
503;Kronenbourg (Original);FEB 6, 2018;Cholet, FRANCE;1.2 out of 5.0<br /><small>Aroma 2/10<br />Appearance 1/5<br />Taste 2/10<br />Palate 1/5<br />Overall 6/20<br /></small>;481011
1188;Leffe Tripel (Triple);JAN 26, 2018;Ilirska Bistrica, SLOVENIA;2.9 out of 5.0<br /><small>Aroma 7/10<br />Appearance 3/5<br />Taste 5/10<br />Palate 3/5<br />Overall 11/20<br /></small>;145216
5715;Leffe Ruby;FEB 11, 2018;"Tyne &amp; Wear, ENGLAND";1.1 out of 5.0<br /><small>Aroma 3/10<br />Appearance 1/5<br />Taste 2/10<br />Palate 1/5<br />Overall 4/20<br /></small>;18863
5715;Leffe Ruby;FEB 11, 2018;"Tyne &amp; Wear, ENGLAND";1.1 out of 5.0<br /><small>Aroma 3/10<br />Appearance 1/5<br />Taste 2/10<br />Palate 1/5<br />Overall 4/20<br /></small>;18863
1048;Kronenbourg 1664 Blanc;FEB 10, 2018;W─Ögorzewo, POLAND;2.7 out of 5.0<br /><small>Aroma 6/10<br />Appearance 4/5<br />Taste 5/10<br />Palate 2/5<br />Overall 10/20<br /></small>;357664
1048;Kronenbourg 1664 Blanc;FEB 10, 2018;W─Ögorzewo, POLAND;2.7 out of 5.0<br /><small>Aroma 6/10<br />Appearance 4/5<br />Taste 5/10<br />Palate 2/5<br />Overall 10/20<br /></small>;357664
503;Kronenbourg (Original);FEB 6, 2018;Cholet, FRANCE;1.2 out of 5.0<br /><small>Aroma 2/10<br />Appearance 1/5<br />Taste 2/10<br />Palate 1/5<br />Overall 6/20<br /></small>;481011
503;Kronenbourg (Original);FEB 6, 2018;Cholet, FRANCE;1.2 out of 5.0<br /><small>Aroma 2/10<br />Appearance 1/5<br />Taste 2/10<br />Palate 1/5<br />Overall 6/20<br /></small>;481011
67;Leffe 9┬░ / Rituel 9;FEB 1, 2018;Cholet, FRANCE;2 out of 5.0<br />;528642
1188;Leffe Tripel (Triple);JAN 26, 2018;Ilirska Bistrica, SLOVENIA;2.9 out of 5.0<br /><small>Aroma 7/10<br />Appearance 3/5<br />Taste 5/10<br />Palate 3/5<br />Overall 11/20<br /></small>;145216
1188;Leffe Tripel (Triple);JAN 26, 2018;Ilirska Bistrica, SLOVENIA;2.9 out of 5.0<br /><small>Aroma 7/10<br />Appearance 3/5<br />Taste 5/10<br />Palate 3/5<br />Overall 11/20<br /></small>;145216
5715;Leffe Ruby;FEB 11, 2018;"Tyne &amp; Wear, ENGLAND";1.1 out of 5.0<br /><small>Aroma 3/10<br />Appearance 1/5<br />Taste 2/10<br />Palate 1/5<br />Overall 4/20<br /></small>;18863
1048;Kronenbourg 1664 Blanc;FEB 10, 2018;W─Ögorzewo, POLAND;2.7 out of 5.0<br /><small>Aroma 6/10<br />Appearance 4/5<br />Taste 5/10<br />Palate 2/5<br />Overall 10/20<br /></small>;357664
1048;Kronenbourg 1664 Blanc;FEB 10, 2018;W─Ögorzewo, POLAND;2.7 out of 5.0<br /><small>Aroma 6/10<br />Appearance 4/5<br />Taste 5/10<br />Palate 2/5<br />Overall 10/20<br /></small>;357664
503;Kronenbourg (Original);FEB 6, 2018;Cholet, FRANCE;1.2 out of 5.0<br /><small>Aroma 2/10<br />Appearance 1/5<br />Taste 2/10<br />Palate 1/5<br />Overall 6/20<br /></small>;481011
503;Kronenbourg (Original);FEB 6, 2018;Cholet, FRANCE;1.2 out of 5.0<br /><small>Aroma 2/10<br />Appearance 1/5<br />Taste 2/10<br />Palate 1/5<br />Overall 6/20<br /></small>;481011
67;Leffe 9┬░ / Rituel 9;FEB 1, 2018;Cholet, FRANCE;2 out of 5.0<br />;528642
67;Leffe 9┬░ / Rituel 9;FEB 1, 2018;Cholet, FRANCE;2 out of 5.0<br />;528642
1188;Leffe Tripel (Triple);JAN 26, 2018;Ilirska Bistrica, SLOVENIA;2.9 out of 5.0<br /><small>Aroma 7/10<br />Appearance 3/5<br />Taste 5/10<br />Palate 3/5<br />Overall 11/20<br /></small>;145216
1188;Leffe Tripel (Triple);JAN 26, 2018;Ilirska Bistrica, SLOVENIA;2.9 out of 5.0<br /><small>Aroma 7/10<br />Appearance 3/5<br />Taste 5/10<br />Palate 3/5<br />Overall 11/20<br /></small>;145216
1048;Kronenbourg 1664 Blanc;FEB 10, 2018;W─Ögorzewo, POLAND;2.7 out of 5.0<br /><small>Aroma 6/10<br />Appearance 4/5<br />Taste 5/10<br />Palate 2/5<br />Overall 10/20<br /></small>;357664
1048;Kronenbourg 1664 Blanc;FEB 10, 2018;W─Ögorzewo, POLAND;2.7 out of 5.0<br /><small>Aroma 6/10<br />Appearance 4/5<br />Taste 5/10<br />Palate 2/5<br />Overall 10/20<br /></small>;357664
503;Kronenbourg (Original);FEB 6, 2018;Cholet, FRANCE;1.2 out of 5.0<br /><small>Aroma 2/10<br />Appearance 1/5<br />Taste 2/10<br />Palate 1/5<br />Overall 6/20<br /></small>;481011
67;Leffe 9┬░ / Rituel 9;FEB 1, 2018;Cholet, FRANCE;2 out of 5.0<br />;528642
67;Leffe 9┬░ / Rituel 9;FEB 1, 2018;Cholet, FRANCE;2 out of 5.0<br />;528642
1188;Leffe Tripel (Triple);JAN 26, 2018;Ilirska Bistrica, SLOVENIA;2.9 out of 5.0<br /><small>Aroma 7/10<br />Appearance 3/5<br />Taste 5/10<br />Palate 3/5<br />Overall 11/20<br /></small>;145216
1188;Leffe Tripel (Triple);JAN 26, 2018;Ilirska Bistrica, SLOVENIA;2.9 out of 5.0<br /><small>Aroma 7/10<br />Appearance 3/5<br />Taste 5/10<br />Palate 3/5<br />Overall 11/20<br /></small>;145216
1048;Kronenbourg 1664 Blanc;FEB 10, 2018;W─Ögorzewo, POLAND;2.7 out of 5.0<br /><small>Aroma 6/10<br />Appearance 4/5<br />Taste 5/10<br />Palate 2/5<br />Overall 10/20<br /></small>;357664
67;Leffe 9┬░ / Rituel 9;FEB 1, 2018;Cholet, FRANCE;2 out of 5.0<br />;528642
67;Leffe 9┬░ / Rituel 9;FEB 1, 2018;Cholet, FRANCE;2 out of 5.0<br />;528642
1188;Leffe Tripel (Triple);JAN 26, 2018;Ilirska Bistrica, SLOVENIA;2.9 out of 5.0<br /><small>Aroma 7/10<br />Appearance 3/5<br />Taste 5/10<br />Palate 3/5<br />Overall 11/20<br /></small>;145216
1188;Leffe Tripel (Triple);JAN 26, 2018;Ilirska Bistrica, SLOVENIA;2.9 out of 5.0<br /><small>Aroma 7/10<br />Appearance 3/5<br />Taste 5/10<br />Palate 3/5<br />Overall 11/20<br /></small>;145216
1048;Kronenbourg 1664 Blanc;FEB 10, 2018;W─Ögorzewo, POLAND;2.7 out of 5.0<br /><small>Aroma 6/10<br />Appearance 4/5<br />Taste 5/10<br />Palate 2/5<br />Overall 10/20<br /></small>;357664
1048;Kronenbourg 1664 Blanc;FEB 10, 2018;W─Ögorzewo, POLAND;2.7 out of 5.0<br /><small>Aroma 6/10<br />Appearance 4/5<br />Taste 5/10<br />Palate 2/5<br />Overall 10/20<br /></small>;357664
67;Leffe 9┬░ / Rituel 9;FEB 1, 2018;Cholet, FRANCE;2 out of 5.0<br />;528642
67;Leffe 9┬░ / Rituel 9;FEB 1, 2018;Cholet, FRANCE;2 out of 5.0<br />;528642
67;Leffe 9┬░ / Rituel 9;FEB 1, 2018;Cholet, FRANCE;2 out of 5.0<br />;528642
135;La Chouffe;FEB 11, 2018;Warszawa, POLAND;3.8 out of 5.0<br /><small>Aroma 6/10<br />Appearance 4/5<br />Taste 7/10<br />Palate 5/5<br />Overall 16/20<br /></small>;448904
8;Bavaria 8.6 (Original);FEB 6, 2018;Cholet, FRANCE;3 out of 5.0<br />;539481
135;La Chouffe;FEB 11, 2018;Warszawa, POLAND;3.8 out of 5.0<br /><small>Aroma 6/10<br />Appearance 4/5<br />Taste 7/10<br />Palate 5/5<br />Overall 16/20<br /></small>;448904
135;La Chouffe;FEB 11, 2018;Warszawa, POLAND;3.8 out of 5.0<br /><small>Aroma 6/10<br />Appearance 4/5<br />Taste 7/10<br />Palate 5/5<br />Overall 16/20<br /></small>;448904
8;Bavaria 8.6 (Original);FEB 6, 2018;Cholet, FRANCE;3 out of 5.0<br />;539481
8;Bavaria 8.6 (Original);FEB 6, 2018;Cholet, FRANCE;3 out of 5.0<br />;539481
135;La Chouffe;FEB 11, 2018;Warszawa, POLAND;3.8 out of 5.0<br /><small>Aroma 6/10<br />Appearance 4/5<br />Taste 7/10<br />Palate 5/5<br />Overall 16/20<br /></small>;448904
135;La Chouffe;FEB 11, 2018;Warszawa, POLAND;3.8 out of 5.0<br /><small>Aroma 6/10<br />Appearance 4/5<br />Taste 7/10<br />Palate 5/5<br />Overall 16/20<br /></small>;448904
8;Bavaria 8.6 (Original);FEB 6, 2018;Cholet, FRANCE;3 out of 5.0<br />;539481
8;Bavaria 8.6 (Original);FEB 6, 2018;Cholet, FRANCE;3 out of 5.0<br />;539481
135;La Chouffe;FEB 11, 2018;Warszawa, POLAND;3.8 out of 5.0<br /><small>Aroma 6/10<br />Appearance 4/5<br />Taste 7/10<br />Palate 5/5<br />Overall 16/20<br /></small>;448904
135;La Chouffe;FEB 11, 2018;Warszawa, POLAND;3.8 out of 5.0<br /><small>Aroma 6/10<br />Appearance 4/5<br />Taste 7/10<br />Palate 5/5<br />Overall 16/20<br /></small>;448904
8;Bavaria 8.6 (Original);FEB 6, 2018;Cholet, FRANCE;3 out of 5.0<br />;539481
8;Bavaria 8.6 (Original);FEB 6, 2018;Cholet, FRANCE;3 out of 5.0<br />;539481
135;La Chouffe;FEB 11, 2018;Warszawa, POLAND;3.8 out of 5.0<br /><small>Aroma 6/10<br />Appearance 4/5<br />Taste 7/10<br />Palate 5/5<br />Overall 16/20<br /></small>;448904
135;La Chouffe;FEB 11, 2018;Warszawa, POLAND;3.8 out of 5.0<br /><small>Aroma 6/10<br />Appearance 4/5<br />Taste 7/10<br />Palate 5/5<br />Overall 16/20<br /></small>;448904
8;Bavaria 8.6 (Original);FEB 6, 2018;Cholet, FRANCE;3 out of 5.0<br />;539481
8;Bavaria 8.6 (Original);FEB 6, 2018;Cholet, FRANCE;3 out of 5.0<br />;539481
135;La Chouffe;FEB 11, 2018;Warszawa, POLAND;3.8 out of 5.0<br /><small>Aroma 6/10<br />Appearance 4/5<br />Taste 7/10<br />Palate 5/5<br />Overall 16/20<br /></small>;448904
8;Bavaria 8.6 (Original);FEB 6, 2018;Cholet, FRANCE;3 out of 5.0<br />;539481
288;Heineken;FEB 8, 2018;Bonyhad, HUNGARY;2.5 out of 5.0<br /><small>Aroma 4/10<br />Appearance 2/5<br />Taste 5/10<br />Palate 3/5<br />Overall 11/20<br /></small>;290126
288;Heineken;FEB 8, 2018;Bonyhad, HUNGARY;2.5 out of 5.0<br /><small>Aroma 4/10<br />Appearance 2/5<br />Taste 5/10<br />Palate 3/5<br />Overall 11/20<br /></small>;290126
288;Heineken;FEB 8, 2018;Bonyhad, HUNGARY;2.5 out of 5.0<br /><small>Aroma 4/10<br />Appearance 2/5<br />Taste 5/10<br />Palate 3/5<br />Overall 11/20<br /></small>;290126
288;Heineken;FEB 8, 2018;Bonyhad, HUNGARY;2.5 out of 5.0<br /><small>Aroma 4/10<br />Appearance 2/5<br />Taste 5/10<br />Palate 3/5<br />Overall 11/20<br /></small>;290126
288;Heineken;FEB 8, 2018;Bonyhad, HUNGARY;2.5 out of 5.0<br /><small>Aroma 4/10<br />Appearance 2/5<br />Taste 5/10<br />Palate 3/5<br />Overall 11/20<br /></small>;290126
288;Heineken;FEB 8, 2018;Bonyhad, HUNGARY;2.5 out of 5.0<br /><small>Aroma 4/10<br />Appearance 2/5<br />Taste 5/10<br />Palate 3/5<br />Overall 11/20<br /></small>;290126
288;Heineken;FEB 8, 2018;Bonyhad, HUNGARY;2.5 out of 5.0<br /><small>Aroma 4/10<br />Appearance 2/5<br />Taste 5/10<br />Palate 3/5<br />Overall 11/20<br /></small>;290126
288;Heineken;FEB 8, 2018;Bonyhad, HUNGARY;2.5 out of 5.0<br /><small>Aroma 4/10<br />Appearance 2/5<br />Taste 5/10<br />Palate 3/5<br />Overall 11/20<br /></small>;290126
288;Heineken;FEB 8, 2018;Bonyhad, HUNGARY;2.5 out of 5.0<br /><small>Aroma 4/10<br />Appearance 2/5<br />Taste 5/10<br />Palate 3/5<br />Overall 11/20<br /></small>;290126
288;Heineken;FEB 8, 2018;Bonyhad, HUNGARY;2.5 out of 5.0<br /><small>Aroma 4/10<br />Appearance 2/5<br />Taste 5/10<br />Palate 3/5<br />Overall 11/20<br /></small>;290126
1301;Davelghem Blonde;JUN 13, 2016;R├╝sselsheim, GERMANY;2.7 out of 5.0<br /><small>Aroma 4/10<br />Appearance 3/5<br />Taste 5/10<br />Palate 3/5<br />Overall 12/20<br /></small>;350982
1301;Davelghem Blonde;JUN 13, 2016;R├╝sselsheim, GERMANY;2.7 out of 5.0<br /><small>Aroma 4/10<br />Appearance 3/5<br />Taste 5/10<br />Palate 3/5<br />Overall 12/20<br /></small>;350982
1301;Davelghem Blonde;JUN 13, 2016;R├╝sselsheim, GERMANY;2.7 out of 5.0<br /><small>Aroma 4/10<br />Appearance 3/5<br />Taste 5/10<br />Palate 3/5<br />Overall 12/20<br /></small>;350982
1301;Davelghem Blonde;JUN 13, 2016;R├╝sselsheim, GERMANY;2.7 out of 5.0<br /><small>Aroma 4/10<br />Appearance 3/5<br />Taste 5/10<br />Palate 3/5<br />Overall 12/20<br /></small>;350982
1301;Davelghem Blonde;JUN 13, 2016;R├╝sselsheim, GERMANY;2.7 out of 5.0<br /><small>Aroma 4/10<br />Appearance 3/5<br />Taste 5/10<br />Palate 3/5<br />Overall 12/20<br /></small>;350982
1301;Davelghem Blonde;JUN 13, 2016;R├╝sselsheim, GERMANY;2.7 out of 5.0<br /><small>Aroma 4/10<br />Appearance 3/5<br />Taste 5/10<br />Palate 3/5<br />Overall 12/20<br /></small>;350982
1301;Davelghem Blonde;JUN 13, 2016;R├╝sselsheim, GERMANY;2.7 out of 5.0<br /><small>Aroma 4/10<br />Appearance 3/5<br />Taste 5/10<br />Palate 3/5<br />Overall 12/20<br /></small>;350982
1301;Davelghem Blonde;JUN 13, 2016;R├╝sselsheim, GERMANY;2.7 out of 5.0<br /><small>Aroma 4/10<br />Appearance 3/5<br />Taste 5/10<br />Palate 3/5<br />Overall 12/20<br /></small>;350982
1301;Davelghem Blonde;JUN 13, 2016;R├╝sselsheim, GERMANY;2.7 out of 5.0<br /><small>Aroma 4/10<br />Appearance 3/5<br />Taste 5/10<br />Palate 3/5<br />Overall 12/20<br /></small>;350982
1301;Davelghem Blonde;JUN 13, 2016;R├╝sselsheim, GERMANY;2.7 out of 5.0<br /><small>Aroma 4/10<br />Appearance 3/5<br />Taste 5/10<br />Palate 3/5<br />Overall 12/20<br /></small>;350982
119;Kellegen Extra Forte 8.0;MAY 8, 2017;Hood River, Oregon, USA;1.6 out of 5.0<br /><small>Aroma 2/10<br />Appearance 2/5<br />Taste 3/10<br />Palate 3/5<br />Overall 6/20<br /></small>;453084
4203;Leffe Blonde;FEB 12, 2018;Orlando, Florida, USA;3.3 out of 5.0<br /><small>Aroma 6/10<br />Appearance 3/5<br />Taste 6/10<br />Palate 2/5<br />Overall 16/20<br /></small>;91588
119;Kellegen Extra Forte 8.0;MAY 8, 2017;Hood River, Oregon, USA;1.6 out of 5.0<br /><small>Aroma 2/10<br />Appearance 2/5<br />Taste 3/10<br />Palate 3/5<br />Overall 6/20<br /></small>;453084
119;Kellegen Extra Forte 8.0;MAY 8, 2017;Hood River, Oregon, USA;1.6 out of 5.0<br /><small>Aroma 2/10<br />Appearance 2/5<br />Taste 3/10<br />Palate 3/5<br />Overall 6/20<br /></small>;453084
503;Fischer Tradition;FEB 6, 2018;Cholet, FRANCE;2.2 out of 5.0<br /><small>Aroma 4/10<br />Appearance 2/5<br />Taste 4/10<br />Palate 2/5<br />Overall 10/20<br /></small>;481011
4203;Leffe Blonde;FEB 12, 2018;Orlando, Florida, USA;3.3 out of 5.0<br /><small>Aroma 6/10<br />Appearance 3/5<br />Taste 6/10<br />Palate 2/5<br />Overall 16/20<br /></small>;91588
4203;Leffe Blonde;FEB 12, 2018;Orlando, Florida, USA;3.3 out of 5.0<br /><small>Aroma 6/10<br />Appearance 3/5<br />Taste 6/10<br />Palate 2/5<br />Overall 16/20<br /></small>;91588
119;Kellegen Extra Forte 8.0;MAY 8, 2017;Hood River, Oregon, USA;1.6 out of 5.0<br /><small>Aroma 2/10<br />Appearance 2/5<br />Taste 3/10<br />Palate 3/5<br />Overall 6/20<br /></small>;453084
119;Kellegen Extra Forte 8.0;MAY 8, 2017;Hood River, Oregon, USA;1.6 out of 5.0<br /><small>Aroma 2/10<br />Appearance 2/5<br />Taste 3/10<br />Palate 3/5<br />Overall 6/20<br /></small>;453084
503;Fischer Tradition;FEB 6, 2018;Cholet, FRANCE;2.2 out of 5.0<br /><small>Aroma 4/10<br />Appearance 2/5<br />Taste 4/10<br />Palate 2/5<br />Overall 10/20<br /></small>;481011
503;Fischer Tradition;FEB 6, 2018;Cholet, FRANCE;2.2 out of 5.0<br /><small>Aroma 4/10<br />Appearance 2/5<br />Taste 4/10<br />Palate 2/5<br />Overall 10/20<br /></small>;481011
4203;Leffe Blonde;FEB 12, 2018;Orlando, Florida, USA;3.3 out of 5.0<br /><small>Aroma 6/10<br />Appearance 3/5<br />Taste 6/10<br />Palate 2/5<br />Overall 16/20<br /></small>;91588
4203;Leffe Blonde;FEB 12, 2018;Orlando, Florida, USA;3.3 out of 5.0<br /><small>Aroma 6/10<br />Appearance 3/5<br />Taste 6/10<br />Palate 2/5<br />Overall 16/20<br /></small>;91588
119;Kellegen Extra Forte 8.0;MAY 8, 2017;Hood River, Oregon, USA;1.6 out of 5.0<br /><small>Aroma 2/10<br />Appearance 2/5<br />Taste 3/10<br />Palate 3/5<br />Overall 6/20<br /></small>;453084
119;Kellegen Extra Forte 8.0;MAY 8, 2017;Hood River, Oregon, USA;1.6 out of 5.0<br /><small>Aroma 2/10<br />Appearance 2/5<br />Taste 3/10<br />Palate 3/5<br />Overall 6/20<br /></small>;453084
503;Fischer Tradition;FEB 6, 2018;Cholet, FRANCE;2.2 out of 5.0<br /><small>Aroma 4/10<br />Appearance 2/5<br />Taste 4/10<br />Palate 2/5<br />Overall 10/20<br /></small>;481011
503;Fischer Tradition;FEB 6, 2018;Cholet, FRANCE;2.2 out of 5.0<br /><small>Aroma 4/10<br />Appearance 2/5<br />Taste 4/10<br />Palate 2/5<br />Overall 10/20<br /></small>;481011
4203;Leffe Blonde;FEB 12, 2018;Orlando, Florida, USA;3.3 out of 5.0<br /><small>Aroma 6/10<br />Appearance 3/5<br />Taste 6/10<br />Palate 2/5<br />Overall 16/20<br /></small>;91588
4203;Leffe Blonde;FEB 12, 2018;Orlando, Florida, USA;3.3 out of 5.0<br /><small>Aroma 6/10<br />Appearance 3/5<br />Taste 6/10<br />Palate 2/5<br />Overall 16/20<br /></small>;91588
119;Kellegen Extra Forte 8.0;MAY 8, 2017;Hood River, Oregon, USA;1.6 out of 5.0<br /><small>Aroma 2/10<br />Appearance 2/5<br />Taste 3/10<br />Palate 3/5<br />Overall 6/20<br /></small>;453084
119;Kellegen Extra Forte 8.0;MAY 8, 2017;Hood River, Oregon, USA;1.6 out of 5.0<br /><small>Aroma 2/10<br />Appearance 2/5<br />Taste 3/10<br />Palate 3/5<br />Overall 6/20<br /></small>;453084
503;Fischer Tradition;FEB 6, 2018;Cholet, FRANCE;2.2 out of 5.0<br /><small>Aroma 4/10<br />Appearance 2/5<br />Taste 4/10<br />Palate 2/5<br />Overall 10/20<br /></small>;481011
503;Fischer Tradition;FEB 6, 2018;Cholet, FRANCE;2.2 out of 5.0<br /><small>Aroma 4/10<br />Appearance 2/5<br />Taste 4/10<br />Palate 2/5<br />Overall 10/20<br /></small>;481011
11;Kronenbourg 1664;NOV 30, 2017;Leeds, ENGLAND;2.9 out of 5.0<br /><small>Aroma 5/10<br />Appearance 3/5<br />Taste 7/10<br />Palate 2/5<br />Overall 12/20<br /></small>;230849
4203;Leffe Blonde;FEB 12, 2018;Orlando, Florida, USA;3.3 out of 5.0<br /><small>Aroma 6/10<br />Appearance 3/5<br />Taste 6/10<br />Palate 2/5<br />Overall 16/20<br /></small>;91588
4203;Leffe Blonde;FEB 12, 2018;Orlando, Florida, USA;3.3 out of 5.0<br /><small>Aroma 6/10<br />Appearance 3/5<br />Taste 6/10<br />Palate 2/5<br />Overall 16/20<br /></small>;91588
119;Kellegen Extra Forte 8.0;MAY 8, 2017;Hood River, Oregon, USA;1.6 out of 5.0<br /><small>Aroma 2/10<br />Appearance 2/5<br />Taste 3/10<br />Palate 3/5<br />Overall 6/20<br /></small>;453084
503;Fischer Tradition;FEB 6, 2018;Cholet, FRANCE;2.2 out of 5.0<br /><small>Aroma 4/10<br />Appearance 2/5<br />Taste 4/10<br />Palate 2/5<br />Overall 10/20<br /></small>;481011
503;Fischer Tradition;FEB 6, 2018;Cholet, FRANCE;2.2 out of 5.0<br /><small>Aroma 4/10<br />Appearance 2/5<br />Taste 4/10<br />Palate 2/5<br />Overall 10/20<br /></small>;481011
11;Kronenbourg 1664;NOV 30, 2017;Leeds, ENGLAND;2.9 out of 5.0<br /><small>Aroma 5/10<br />Appearance 3/5<br />Taste 7/10<br />Palate 2/5<br />Overall 12/20<br /></small>;230849
11;Kronenbourg 1664;NOV 30, 2017;Leeds, ENGLAND;2.9 out of 5.0<br /><small>Aroma 5/10<br />Appearance 3/5<br />Taste 7/10<br />Palate 2/5<br />Overall 12/20<br /></small>;230849
4203;Leffe Blonde;FEB 12, 2018;Orlando, Florida, USA;3.3 out of 5.0<br /><small>Aroma 6/10<br />Appearance 3/5<br />Taste 6/10<br />Palate 2/5<br />Overall 16/20<br /></small>;91588
503;Fischer Tradition;FEB 6, 2018;Cholet, FRANCE;2.2 out of 5.0<br /><small>Aroma 4/10<br />Appearance 2/5<br />Taste 4/10<br />Palate 2/5<br />Overall 10/20<br /></small>;481011
11;Kronenbourg 1664;NOV 30, 2017;Leeds, ENGLAND;2.9 out of 5.0<br /><small>Aroma 5/10<br />Appearance 3/5<br />Taste 7/10<br />Palate 2/5<br />Overall 12/20<br /></small>;230849
11;Kronenbourg 1664;NOV 30, 2017;Leeds, ENGLAND;2.9 out of 5.0<br /><small>Aroma 5/10<br />Appearance 3/5<br />Taste 7/10<br />Palate 2/5<br />Overall 12/20<br /></small>;230849
876;Kronenbourg (Original);OCT 14, 2017;Brugge, BELGIUM;1.9 out of 5.0<br /><small>Aroma 3/10<br />Appearance 3/5<br />Taste 4/10<br />Palate 2/5<br />Overall 7/20<br /></small>;252123
11;Kronenbourg 1664;NOV 30, 2017;Leeds, ENGLAND;2.9 out of 5.0<br /><small>Aroma 5/10<br />Appearance 3/5<br />Taste 7/10<br />Palate 2/5<br />Overall 12/20<br /></small>;230849
11;Kronenbourg 1664;NOV 30, 2017;Leeds, ENGLAND;2.9 out of 5.0<br /><small>Aroma 5/10<br />Appearance 3/5<br />Taste 7/10<br />Palate 2/5<br />Overall 12/20<br /></small>;230849
876;Kronenbourg (Original);OCT 14, 2017;Brugge, BELGIUM;1.9 out of 5.0<br /><small>Aroma 3/10<br />Appearance 3/5<br />Taste 4/10<br />Palate 2/5<br />Overall 7/20<br /></small>;252123
876;Kronenbourg (Original);OCT 14, 2017;Brugge, BELGIUM;1.9 out of 5.0<br /><small>Aroma 3/10<br />Appearance 3/5<br />Taste 4/10<br />Palate 2/5<br />Overall 7/20<br /></small>;252123
11;Kronenbourg 1664;NOV 30, 2017;Leeds, ENGLAND;2.9 out of 5.0<br /><small>Aroma 5/10<br />Appearance 3/5<br />Taste 7/10<br />Palate 2/5<br />Overall 12/20<br /></small>;230849
11;Kronenbourg 1664;NOV 30, 2017;Leeds, ENGLAND;2.9 out of 5.0<br /><small>Aroma 5/10<br />Appearance 3/5<br />Taste 7/10<br />Palate 2/5<br />Overall 12/20<br /></small>;230849
876;Kronenbourg (Original);OCT 14, 2017;Brugge, BELGIUM;1.9 out of 5.0<br /><small>Aroma 3/10<br />Appearance 3/5<br />Taste 4/10<br />Palate 2/5<br />Overall 7/20<br /></small>;252123
876;Kronenbourg (Original);OCT 14, 2017;Brugge, BELGIUM;1.9 out of 5.0<br /><small>Aroma 3/10<br />Appearance 3/5<br />Taste 4/10<br />Palate 2/5<br />Overall 7/20<br /></small>;252123
11;Kronenbourg 1664;NOV 30, 2017;Leeds, ENGLAND;2.9 out of 5.0<br /><small>Aroma 5/10<br />Appearance 3/5<br />Taste 7/10<br />Palate 2/5<br />Overall 12/20<br /></small>;230849
876;Kronenbourg (Original);OCT 14, 2017;Brugge, BELGIUM;1.9 out of 5.0<br /><small>Aroma 3/10<br />Appearance 3/5<br />Taste 4/10<br />Palate 2/5<br />Overall 7/20<br /></small>;252123
876;Kronenbourg (Original);OCT 14, 2017;Brugge, BELGIUM;1.9 out of 5.0<br /><small>Aroma 3/10<br />Appearance 3/5<br />Taste 4/10<br />Palate 2/5<br />Overall 7/20<br /></small>;252123
92;Leffe Ruby;NOV 17, 2017;Sofia, BULGARIA;2 out of 5.0<br />;492000
876;Kronenbourg (Original);OCT 14, 2017;Brugge, BELGIUM;1.9 out of 5.0<br /><small>Aroma 3/10<br />Appearance 3/5<br />Taste 4/10<br />Palate 2/5<br />Overall 7/20<br /></small>;252123
876;Kronenbourg (Original);OCT 14, 2017;Brugge, BELGIUM;1.9 out of 5.0<br /><small>Aroma 3/10<br />Appearance 3/5<br />Taste 4/10<br />Palate 2/5<br />Overall 7/20<br /></small>;252123
92;Leffe Ruby;NOV 17, 2017;Sofia, BULGARIA;2 out of 5.0<br />;492000
92;Leffe Ruby;NOV 17, 2017;Sofia, BULGARIA;2 out of 5.0<br />;492000
876;Kronenbourg (Original);OCT 14, 2017;Brugge, BELGIUM;1.9 out of 5.0<br /><small>Aroma 3/10<br />Appearance 3/5<br />Taste 4/10<br />Palate 2/5<br />Overall 7/20<br /></small>;252123
92;Leffe Ruby;NOV 17, 2017;Sofia, BULGARIA;2 out of 5.0<br />;492000
92;Leffe Ruby;NOV 17, 2017;Sofia, BULGARIA;2 out of 5.0<br />;492000
92;Leffe Ruby;NOV 17, 2017;Sofia, BULGARIA;2 out of 5.0<br />;492000
92;Leffe Ruby;NOV 17, 2017;Sofia, BULGARIA;2 out of 5.0<br />;492000
758;Leffe 9┬░ / Rituel 9;OCT 31, 2017;East Sussex, ENGLAND;3 out of 5.0<br /><small>Aroma 6/10<br />Appearance 4/5<br />Taste 5/10<br />Palate 4/5<br />Overall 11/20<br /></small>;448085
92;Leffe Ruby;NOV 17, 2017;Sofia, BULGARIA;2 out of 5.0<br />;492000
92;Leffe Ruby;NOV 17, 2017;Sofia, BULGARIA;2 out of 5.0<br />;492000
758;Leffe 9┬░ / Rituel 9;OCT 31, 2017;East Sussex, ENGLAND;3 out of 5.0<br /><small>Aroma 6/10<br />Appearance 4/5<br />Taste 5/10<br />Palate 4/5<br />Overall 11/20<br /></small>;448085
758;Leffe 9┬░ / Rituel 9;OCT 31, 2017;East Sussex, ENGLAND;3 out of 5.0<br /><small>Aroma 6/10<br />Appearance 4/5<br />Taste 5/10<br />Palate 4/5<br />Overall 11/20<br /></small>;448085
92;Leffe Ruby;NOV 17, 2017;Sofia, BULGARIA;2 out of 5.0<br />;492000
758;Leffe 9┬░ / Rituel 9;OCT 31, 2017;East Sussex, ENGLAND;3 out of 5.0<br /><small>Aroma 6/10<br />Appearance 4/5<br />Taste 5/10<br />Palate 4/5<br />Overall 11/20<br /></small>;448085
758;Leffe 9┬░ / Rituel 9;OCT 31, 2017;East Sussex, ENGLAND;3 out of 5.0<br /><small>Aroma 6/10<br />Appearance 4/5<br />Taste 5/10<br />Palate 4/5<br />Overall 11/20<br /></small>;448085
758;Leffe 9┬░ / Rituel 9;OCT 31, 2017;East Sussex, ENGLAND;3 out of 5.0<br /><small>Aroma 6/10<br />Appearance 4/5<br />Taste 5/10<br />Palate 4/5<br />Overall 11/20<br /></small>;448085
758;Leffe 9┬░ / Rituel 9;OCT 31, 2017;East Sussex, ENGLAND;3 out of 5.0<br /><small>Aroma 6/10<br />Appearance 4/5<br />Taste 5/10<br />Palate 4/5<br />Overall 11/20<br /></small>;448085
758;Leffe 9┬░ / Rituel 9;OCT 31, 2017;East Sussex, ENGLAND;3 out of 5.0<br /><small>Aroma 6/10<br />Appearance 4/5<br />Taste 5/10<br />Palate 4/5<br />Overall 11/20<br /></small>;448085
758;Leffe 9┬░ / Rituel 9;OCT 31, 2017;East Sussex, ENGLAND;3 out of 5.0<br /><small>Aroma 6/10<br />Appearance 4/5<br />Taste 5/10<br />Palate 4/5<br />Overall 11/20<br /></small>;448085
758;Leffe 9┬░ / Rituel 9;OCT 31, 2017;East Sussex, ENGLAND;3 out of 5.0<br /><small>Aroma 6/10<br />Appearance 4/5<br />Taste 5/10<br />Palate 4/5<br />Overall 11/20<br /></small>;448085
83;Kronenbourg 1664 Blanc;DEC 28, 2017;Osijek, CROATIA;1 out of 5.0<br /><small>Aroma 4/10<br />Appearance 2/5<br />Taste 1/10<br />Palate 2/5<br />Overall 1/20<br /></small>;426473
83;Kronenbourg 1664 Blanc;DEC 28, 2017;Osijek, CROATIA;1 out of 5.0<br /><small>Aroma 4/10<br />Appearance 2/5<br />Taste 1/10<br />Palate 2/5<br />Overall 1/20<br /></small>;426473
83;Kronenbourg 1664 Blanc;DEC 28, 2017;Osijek, CROATIA;1 out of 5.0<br /><small>Aroma 4/10<br />Appearance 2/5<br />Taste 1/10<br />Palate 2/5<br />Overall 1/20<br /></small>;426473
83;Kronenbourg 1664 Blanc;DEC 28, 2017;Osijek, CROATIA;1 out of 5.0<br /><small>Aroma 4/10<br />Appearance 2/5<br />Taste 1/10<br />Palate 2/5<br />Overall 1/20<br /></small>;426473
83;Kronenbourg 1664 Blanc;DEC 28, 2017;Osijek, CROATIA;1 out of 5.0<br /><small>Aroma 4/10<br />Appearance 2/5<br />Taste 1/10<br />Palate 2/5<br />Overall 1/20<br /></small>;426473
83;Kronenbourg 1664 Blanc;DEC 28, 2017;Osijek, CROATIA;1 out of 5.0<br /><small>Aroma 4/10<br />Appearance 2/5<br />Taste 1/10<br />Palate 2/5<br />Overall 1/20<br /></small>;426473
83;Kronenbourg 1664 Blanc;DEC 28, 2017;Osijek, CROATIA;1 out of 5.0<br /><small>Aroma 4/10<br />Appearance 2/5<br />Taste 1/10<br />Palate 2/5<br />Overall 1/20<br /></small>;426473
114;Bavaria 8.6 (Original);OCT 10, 2017;Zadar, CROATIA;3.2 out of 5.0<br /><small>Aroma 7/10<br />Appearance 3/5<br />Taste 7/10<br />Palate 3/5<br />Overall 12/20<br /></small>;479528
83;Kronenbourg 1664 Blanc;DEC 28, 2017;Osijek, CROATIA;1 out of 5.0<br /><small>Aroma 4/10<br />Appearance 2/5<br />Taste 1/10<br />Palate 2/5<br />Overall 1/20<br /></small>;426473
83;Kronenbourg 1664 Blanc;DEC 28, 2017;Osijek, CROATIA;1 out of 5.0<br /><small>Aroma 4/10<br />Appearance 2/5<br />Taste 1/10<br />Palate 2/5<br />Overall 1/20<br /></small>;426473
114;Bavaria 8.6 (Original);OCT 10, 2017;Zadar, CROATIA;3.2 out of 5.0<br /><small>Aroma 7/10<br />Appearance 3/5<br />Taste 7/10<br />Palate 3/5<br />Overall 12/20<br /></small>;479528
83;Kronenbourg 1664 Blanc;DEC 28, 2017;Osijek, CROATIA;1 out of 5.0<br /><small>Aroma 4/10<br />Appearance 2/5<br />Taste 1/10<br />Palate 2/5<br />Overall 1/20<br /></small>;426473
114;Bavaria 8.6 (Original);OCT 10, 2017;Zadar, CROATIA;3.2 out of 5.0<br /><small>Aroma 7/10<br />Appearance 3/5<br />Taste 7/10<br />Palate 3/5<br />Overall 12/20<br /></small>;479528
114;Bavaria 8.6 (Original);OCT 10, 2017;Zadar, CROATIA;3.2 out of 5.0<br /><small>Aroma 7/10<br />Appearance 3/5<br />Taste 7/10<br />Palate 3/5<br />Overall 12/20<br /></small>;479528
192;Leffe Tripel (Triple);DEC 13, 2017;AUSTRALIA;3.5 out of 5.0<br /><small>Aroma 8/10<br />Appearance 4/5<br />Taste 6/10<br />Palate 3/5<br />Overall 14/20<br /></small>;252747
60;Davelghem Blonde;FEB 17, 2013;ENGLAND;2.4 out of 5.0<br /><small>Aroma 6/10<br />Appearance 4/5<br />Taste 7/10<br />Palate 4/5<br />Overall 3/20<br /></small>;174352
114;Bavaria 8.6 (Original);OCT 10, 2017;Zadar, CROATIA;3.2 out of 5.0<br /><small>Aroma 7/10<br />Appearance 3/5<br />Taste 7/10<br />Palate 3/5<br />Overall 12/20<br /></small>;479528
114;Bavaria 8.6 (Original);OCT 10, 2017;Zadar, CROATIA;3.2 out of 5.0<br /><small>Aroma 7/10<br />Appearance 3/5<br />Taste 7/10<br />Palate 3/5<br />Overall 12/20<br /></small>;479528
192;Leffe Tripel (Triple);DEC 13, 2017;AUSTRALIA;3.5 out of 5.0<br /><small>Aroma 8/10<br />Appearance 4/5<br />Taste 6/10<br />Palate 3/5<br />Overall 14/20<br /></small>;252747
192;Leffe Tripel (Triple);DEC 13, 2017;AUSTRALIA;3.5 out of 5.0<br /><small>Aroma 8/10<br />Appearance 4/5<br />Taste 6/10<br />Palate 3/5<br />Overall 14/20<br /></small>;252747
283;La Chouffe;JAN 6, 2018;barcelona, SPAIN;3.8 out of 5.0<br /><small>Aroma 7/10<br />Appearance 4/5<br />Taste 7/10<br />Palate 4/5<br />Overall 16/20<br /></small>;319358
60;Davelghem Blonde;FEB 17, 2013;ENGLAND;2.4 out of 5.0<br /><small>Aroma 6/10<br />Appearance 4/5<br />Taste 7/10<br />Palate 4/5<br />Overall 3/20<br /></small>;174352
60;Davelghem Blonde;FEB 17, 2013;ENGLAND;2.4 out of 5.0<br /><small>Aroma 6/10<br />Appearance 4/5<br />Taste 7/10<br />Palate 4/5<br />Overall 3/20<br /></small>;174352
114;Bavaria 8.6 (Original);OCT 10, 2017;Zadar, CROATIA;3.2 out of 5.0<br /><small>Aroma 7/10<br />Appearance 3/5<br />Taste 7/10<br />Palate 3/5<br />Overall 12/20<br /></small>;479528
114;Bavaria 8.6 (Original);OCT 10, 2017;Zadar, CROATIA;3.2 out of 5.0<br /><small>Aroma 7/10<br />Appearance 3/5<br />Taste 7/10<br />Palate 3/5<br />Overall 12/20<br /></small>;479528
131;Leffe Blonde;JAN 26, 2018;Minsk / Schweinfurt, Bavaria, GERMANY;3.3 out of 5.0<br /><small>Aroma 7/10<br />Appearance 4/5<br />Taste 7/10<br />Palate 3/5<br />Overall 12/20<br /></small>;386451
16;Heineken;JAN 13, 2018;Brantford, Ontario, CANADA;1.3 out of 5.0<br /><small>Aroma 2/10<br />Appearance 1/5<br />Taste 2/10<br />Palate 3/5<br />Overall 5/20<br /></small>;515087
5715;Kellegen Extra Forte 8.0;AUG 10, 2012;"Tyne &amp; Wear, ENGLAND";1 out of 5.0<br /><small>Aroma 2/10<br />Appearance 2/5<br />Taste 2/10<br />Palate 1/5<br />Overall 3/20<br /></small>;18863
192;Leffe Tripel (Triple);DEC 13, 2017;AUSTRALIA;3.5 out of 5.0<br /><small>Aroma 8/10<br />Appearance 4/5<br />Taste 6/10<br />Palate 3/5<br />Overall 14/20<br /></small>;252747
192;Leffe Tripel (Triple);DEC 13, 2017;AUSTRALIA;3.5 out of 5.0<br /><small>Aroma 8/10<br />Appearance 4/5<br />Taste 6/10<br />Palate 3/5<br />Overall 14/20<br /></small>;252747
283;La Chouffe;JAN 6, 2018;barcelona, SPAIN;3.8 out of 5.0<br /><small>Aroma 7/10<br />Appearance 4/5<br />Taste 7/10<br />Palate 4/5<br />Overall 16/20<br /></small>;319358
283;La Chouffe;JAN 6, 2018;barcelona, SPAIN;3.8 out of 5.0<br /><small>Aroma 7/10<br />Appearance 4/5<br />Taste 7/10<br />Palate 4/5<br />Overall 16/20<br /></small>;319358
60;Davelghem Blonde;FEB 17, 2013;ENGLAND;2.4 out of 5.0<br /><small>Aroma 6/10<br />Appearance 4/5<br />Taste 7/10<br />Palate 4/5<br />Overall 3/20<br /></small>;174352
60;Davelghem Blonde;FEB 17, 2013;ENGLAND;2.4 out of 5.0<br /><small>Aroma 6/10<br />Appearance 4/5<br />Taste 7/10<br />Palate 4/5<br />Overall 3/20<br /></small>;174352
114;Bavaria 8.6 (Original);OCT 10, 2017;Zadar, CROATIA;3.2 out of 5.0<br /><small>Aroma 7/10<br />Appearance 3/5<br />Taste 7/10<br />Palate 3/5<br />Overall 12/20<br /></small>;479528
114;Bavaria 8.6 (Original);OCT 10, 2017;Zadar, CROATIA;3.2 out of 5.0<br /><small>Aroma 7/10<br />Appearance 3/5<br />Taste 7/10<br />Palate 3/5<br />Overall 12/20<br /></small>;479528
131;Leffe Blonde;JAN 26, 2018;Minsk / Schweinfurt, Bavaria, GERMANY;3.3 out of 5.0<br /><small>Aroma 7/10<br />Appearance 4/5<br />Taste 7/10<br />Palate 3/5<br />Overall 12/20<br /></small>;386451
131;Leffe Blonde;JAN 26, 2018;Minsk / Schweinfurt, Bavaria, GERMANY;3.3 out of 5.0<br /><small>Aroma 7/10<br />Appearance 4/5<br />Taste 7/10<br />Palate 3/5<br />Overall 12/20<br /></small>;386451
16;Heineken;JAN 13, 2018;Brantford, Ontario, CANADA;1.3 out of 5.0<br /><small>Aroma 2/10<br />Appearance 1/5<br />Taste 2/10<br />Palate 3/5<br />Overall 5/20<br /></small>;515087
16;Heineken;JAN 13, 2018;Brantford, Ontario, CANADA;1.3 out of 5.0<br /><small>Aroma 2/10<br />Appearance 1/5<br />Taste 2/10<br />Palate 3/5<br />Overall 5/20<br /></small>;515087
5715;Kellegen Extra Forte 8.0;AUG 10, 2012;"Tyne &amp; Wear, ENGLAND";1 out of 5.0<br /><small>Aroma 2/10<br />Appearance 2/5<br />Taste 2/10<br />Palate 1/5<br />Overall 3/20<br /></small>;18863
5715;Kellegen Extra Forte 8.0;AUG 10, 2012;"Tyne &amp; Wear, ENGLAND";1 out of 5.0<br /><small>Aroma 2/10<br />Appearance 2/5<br />Taste 2/10<br />Palate 1/5<br />Overall 3/20<br /></small>;18863
192;Leffe Tripel (Triple);DEC 13, 2017;AUSTRALIA;3.5 out of 5.0<br /><small>Aroma 8/10<br />Appearance 4/5<br />Taste 6/10<br />Palate 3/5<br />Overall 14/20<br /></small>;252747
192;Leffe Tripel (Triple);DEC 13, 2017;AUSTRALIA;3.5 out of 5.0<br /><small>Aroma 8/10<br />Appearance 4/5<br />Taste 6/10<br />Palate 3/5<br />Overall 14/20<br /></small>;252747
283;La Chouffe;JAN 6, 2018;barcelona, SPAIN;3.8 out of 5.0<br /><small>Aroma 7/10<br />Appearance 4/5<br />Taste 7/10<br />Palate 4/5<br />Overall 16/20<br /></small>;319358
283;La Chouffe;JAN 6, 2018;barcelona, SPAIN;3.8 out of 5.0<br /><small>Aroma 7/10<br />Appearance 4/5<br />Taste 7/10<br />Palate 4/5<br />Overall 16/20<br /></small>;319358
60;Davelghem Blonde;FEB 17, 2013;ENGLAND;2.4 out of 5.0<br /><small>Aroma 6/10<br />Appearance 4/5<br />Taste 7/10<br />Palate 4/5<br />Overall 3/20<br /></small>;174352
60;Davelghem Blonde;FEB 17, 2013;ENGLAND;2.4 out of 5.0<br /><small>Aroma 6/10<br />Appearance 4/5<br />Taste 7/10<br />Palate 4/5<br />Overall 3/20<br /></small>;174352
131;Leffe Blonde;JAN 26, 2018;Minsk / Schweinfurt, Bavaria, GERMANY;3.3 out of 5.0<br /><small>Aroma 7/10<br />Appearance 4/5<br />Taste 7/10<br />Palate 3/5<br />Overall 12/20<br /></small>;386451
131;Leffe Blonde;JAN 26, 2018;Minsk / Schweinfurt, Bavaria, GERMANY;3.3 out of 5.0<br /><small>Aroma 7/10<br />Appearance 4/5<br />Taste 7/10<br />Palate 3/5<br />Overall 12/20<br /></small>;386451
16;Heineken;JAN 13, 2018;Brantford, Ontario, CANADA;1.3 out of 5.0<br /><small>Aroma 2/10<br />Appearance 1/5<br />Taste 2/10<br />Palate 3/5<br />Overall 5/20<br /></small>;515087
16;Heineken;JAN 13, 2018;Brantford, Ontario, CANADA;1.3 out of 5.0<br /><small>Aroma 2/10<br />Appearance 1/5<br />Taste 2/10<br />Palate 3/5<br />Overall 5/20<br /></small>;515087
5715;Kellegen Extra Forte 8.0;AUG 10, 2012;"Tyne &amp; Wear, ENGLAND";1 out of 5.0<br /><small>Aroma 2/10<br />Appearance 2/5<br />Taste 2/10<br />Palate 1/5<br />Overall 3/20<br /></small>;18863
5715;Kellegen Extra Forte 8.0;AUG 10, 2012;"Tyne &amp; Wear, ENGLAND";1 out of 5.0<br /><small>Aroma 2/10<br />Appearance 2/5<br />Taste 2/10<br />Palate 1/5<br />Overall 3/20<br /></small>;18863
192;Leffe Tripel (Triple);DEC 13, 2017;AUSTRALIA;3.5 out of 5.0<br /><small>Aroma 8/10<br />Appearance 4/5<br />Taste 6/10<br />Palate 3/5<br />Overall 14/20<br /></small>;252747
192;Leffe Tripel (Triple);DEC 13, 2017;AUSTRALIA;3.5 out of 5.0<br /><small>Aroma 8/10<br />Appearance 4/5<br />Taste 6/10<br />Palate 3/5<br />Overall 14/20<br /></small>;252747
283;La Chouffe;JAN 6, 2018;barcelona, SPAIN;3.8 out of 5.0<br /><small>Aroma 7/10<br />Appearance 4/5<br />Taste 7/10<br />Palate 4/5<br />Overall 16/20<br /></small>;319358
283;La Chouffe;JAN 6, 2018;barcelona, SPAIN;3.8 out of 5.0<br /><small>Aroma 7/10<br />Appearance 4/5<br />Taste 7/10<br />Palate 4/5<br />Overall 16/20<br /></small>;319358
60;Davelghem Blonde;FEB 17, 2013;ENGLAND;2.4 out of 5.0<br /><small>Aroma 6/10<br />Appearance 4/5<br />Taste 7/10<br />Palate 4/5<br />Overall 3/20<br /></small>;174352
60;Davelghem Blonde;FEB 17, 2013;ENGLAND;2.4 out of 5.0<br /><small>Aroma 6/10<br />Appearance 4/5<br />Taste 7/10<br />Palate 4/5<br />Overall 3/20<br /></small>;174352
131;Leffe Blonde;JAN 26, 2018;Minsk / Schweinfurt, Bavaria, GERMANY;3.3 out of 5.0<br /><small>Aroma 7/10<br />Appearance 4/5<br />Taste 7/10<br />Palate 3/5<br />Overall 12/20<br /></small>;386451
131;Leffe Blonde;JAN 26, 2018;Minsk / Schweinfurt, Bavaria, GERMANY;3.3 out of 5.0<br /><small>Aroma 7/10<br />Appearance 4/5<br />Taste 7/10<br />Palate 3/5<br />Overall 12/20<br /></small>;386451
16;Heineken;JAN 13, 2018;Brantford, Ontario, CANADA;1.3 out of 5.0<br /><small>Aroma 2/10<br />Appearance 1/5<br />Taste 2/10<br />Palate 3/5<br />Overall 5/20<br /></small>;515087
16;Heineken;JAN 13, 2018;Brantford, Ontario, CANADA;1.3 out of 5.0<br /><small>Aroma 2/10<br />Appearance 1/5<br />Taste 2/10<br />Palate 3/5<br />Overall 5/20<br /></small>;515087
5715;Kellegen Extra Forte 8.0;AUG 10, 2012;"Tyne &amp; Wear, ENGLAND";1 out of 5.0<br /><small>Aroma 2/10<br />Appearance 2/5<br />Taste 2/10<br />Palate 1/5<br />Overall 3/20<br /></small>;18863
5715;Kellegen Extra Forte 8.0;AUG 10, 2012;"Tyne &amp; Wear, ENGLAND";1 out of 5.0<br /><small>Aroma 2/10<br />Appearance 2/5<br />Taste 2/10<br />Palate 1/5<br />Overall 3/20<br /></small>;18863
192;Leffe Tripel (Triple);DEC 13, 2017;AUSTRALIA;3.5 out of 5.0<br /><small>Aroma 8/10<br />Appearance 4/5<br />Taste 6/10<br />Palate 3/5<br />Overall 14/20<br /></small>;252747
283;La Chouffe;JAN 6, 2018;barcelona, SPAIN;3.8 out of 5.0<br /><small>Aroma 7/10<br />Appearance 4/5<br />Taste 7/10<br />Palate 4/5<br />Overall 16/20<br /></small>;319358
283;La Chouffe;JAN 6, 2018;barcelona, SPAIN;3.8 out of 5.0<br /><small>Aroma 7/10<br />Appearance 4/5<br />Taste 7/10<br />Palate 4/5<br />Overall 16/20<br /></small>;319358
60;Davelghem Blonde;FEB 17, 2013;ENGLAND;2.4 out of 5.0<br /><small>Aroma 6/10<br />Appearance 4/5<br />Taste 7/10<br />Palate 4/5<br />Overall 3/20<br /></small>;174352
8;Fischer Tradition;AUG 5, 2017;oviedo, SPAIN;3 out of 5.0<br />;500166
131;Leffe Blonde;JAN 26, 2018;Minsk / Schweinfurt, Bavaria, GERMANY;3.3 out of 5.0<br /><small>Aroma 7/10<br />Appearance 4/5<br />Taste 7/10<br />Palate 3/5<br />Overall 12/20<br /></small>;386451
131;Leffe Blonde;JAN 26, 2018;Minsk / Schweinfurt, Bavaria, GERMANY;3.3 out of 5.0<br /><small>Aroma 7/10<br />Appearance 4/5<br />Taste 7/10<br />Palate 3/5<br />Overall 12/20<br /></small>;386451
16;Heineken;JAN 13, 2018;Brantford, Ontario, CANADA;1.3 out of 5.0<br /><small>Aroma 2/10<br />Appearance 1/5<br />Taste 2/10<br />Palate 3/5<br />Overall 5/20<br /></small>;515087
16;Heineken;JAN 13, 2018;Brantford, Ontario, CANADA;1.3 out of 5.0<br /><small>Aroma 2/10<br />Appearance 1/5<br />Taste 2/10<br />Palate 3/5<br />Overall 5/20<br /></small>;515087
5715;Kellegen Extra Forte 8.0;AUG 10, 2012;"Tyne &amp; Wear, ENGLAND";1 out of 5.0<br /><small>Aroma 2/10<br />Appearance 2/5<br />Taste 2/10<br />Palate 1/5<br />Overall 3/20<br /></small>;18863
5715;Kellegen Extra Forte 8.0;AUG 10, 2012;"Tyne &amp; Wear, ENGLAND";1 out of 5.0<br /><small>Aroma 2/10<br />Appearance 2/5<br />Taste 2/10<br />Palate 1/5<br />Overall 3/20<br /></small>;18863
283;La Chouffe;JAN 6, 2018;barcelona, SPAIN;3.8 out of 5.0<br /><small>Aroma 7/10<br />Appearance 4/5<br />Taste 7/10<br />Palate 4/5<br />Overall 16/20<br /></small>;319358
8;Fischer Tradition;AUG 5, 2017;oviedo, SPAIN;3 out of 5.0<br />;500166
8;Fischer Tradition;AUG 5, 2017;oviedo, SPAIN;3 out of 5.0<br />;500166
1139;Kronenbourg 1664;OCT 3, 2017;Roeselare, BELGIUM;1.9 out of 5.0<br /><small>Aroma 5/10<br />Appearance 2/5<br />Taste 5/10<br />Palate 2/5<br />Overall 5/20<br /></small>;185804
131;Leffe Blonde;JAN 26, 2018;Minsk / Schweinfurt, Bavaria, GERMANY;3.3 out of 5.0<br /><small>Aroma 7/10<br />Appearance 4/5<br />Taste 7/10<br />Palate 3/5<br />Overall 12/20<br /></small>;386451
16;Heineken;JAN 13, 2018;Brantford, Ontario, CANADA;1.3 out of 5.0<br /><small>Aroma 2/10<br />Appearance 1/5<br />Taste 2/10<br />Palate 3/5<br />Overall 5/20<br /></small>;515087
5715;Kellegen Extra Forte 8.0;AUG 10, 2012;"Tyne &amp; Wear, ENGLAND";1 out of 5.0<br /><small>Aroma 2/10<br />Appearance 2/5<br />Taste 2/10<br />Palate 1/5<br />Overall 3/20<br /></small>;18863
1763;Kronenbourg (Original);JUL 8, 2017;SWITZERLAND;2.2 out of 5.0<br /><small>Aroma 5/10<br />Appearance 3/5<br />Taste 3/10<br />Palate 2/5<br />Overall 9/20<br /></small>;332370
9;Leffe 9┬░ / Rituel 9;MAY 24, 2017;Nottinghamshire, ENGLAND;3.7 out of 5.0<br /><small>Aroma 6/10<br />Appearance 4/5<br />Taste 8/10<br />Palate 4/5<br />Overall 15/20<br /></small>;477064
8;Fischer Tradition;AUG 5, 2017;oviedo, SPAIN;3 out of 5.0<br />;500166
1139;Kronenbourg 1664;OCT 3, 2017;Roeselare, BELGIUM;1.9 out of 5.0<br /><small>Aroma 5/10<br />Appearance 2/5<br />Taste 5/10<br />Palate 2/5<br />Overall 5/20<br /></small>;185804
1139;Kronenbourg 1664;OCT 3, 2017;Roeselare, BELGIUM;1.9 out of 5.0<br /><small>Aroma 5/10<br />Appearance 2/5<br />Taste 5/10<br />Palate 2/5<br />Overall 5/20<br /></small>;185804
1763;Kronenbourg (Original);JUL 8, 2017;SWITZERLAND;2.2 out of 5.0<br /><small>Aroma 5/10<br />Appearance 3/5<br />Taste 3/10<br />Palate 2/5<br />Overall 9/20<br /></small>;332370
1763;Kronenbourg (Original);JUL 8, 2017;SWITZERLAND;2.2 out of 5.0<br /><small>Aroma 5/10<br />Appearance 3/5<br />Taste 3/10<br />Palate 2/5<br />Overall 9/20<br /></small>;332370
9;Leffe 9┬░ / Rituel 9;MAY 24, 2017;Nottinghamshire, ENGLAND;3.7 out of 5.0<br /><small>Aroma 6/10<br />Appearance 4/5<br />Taste 8/10<br />Palate 4/5<br />Overall 15/20<br /></small>;477064
9;Leffe 9┬░ / Rituel 9;MAY 24, 2017;Nottinghamshire, ENGLAND;3.7 out of 5.0<br /><small>Aroma 6/10<br />Appearance 4/5<br />Taste 8/10<br />Palate 4/5<br />Overall 15/20<br /></small>;477064
8;Fischer Tradition;AUG 5, 2017;oviedo, SPAIN;3 out of 5.0<br />;500166
8;Fischer Tradition;AUG 5, 2017;oviedo, SPAIN;3 out of 5.0<br />;500166
2174;Leffe Ruby;JUL 17, 2017;GERMANY;2.3 out of 5.0<br /><small>Aroma 6/10<br />Appearance 4/5<br />Taste 4/10<br />Palate 2/5<br />Overall 7/20<br /></small>;385896
1139;Kronenbourg 1664;OCT 3, 2017;Roeselare, BELGIUM;1.9 out of 5.0<br /><small>Aroma 5/10<br />Appearance 2/5<br />Taste 5/10<br />Palate 2/5<br />Overall 5/20<br /></small>;185804
1139;Kronenbourg 1664;OCT 3, 2017;Roeselare, BELGIUM;1.9 out of 5.0<br /><small>Aroma 5/10<br />Appearance 2/5<br />Taste 5/10<br />Palate 2/5<br />Overall 5/20<br /></small>;185804
1763;Kronenbourg (Original);JUL 8, 2017;SWITZERLAND;2.2 out of 5.0<br /><small>Aroma 5/10<br />Appearance 3/5<br />Taste 3/10<br />Palate 2/5<br />Overall 9/20<br /></small>;332370
1763;Kronenbourg (Original);JUL 8, 2017;SWITZERLAND;2.2 out of 5.0<br /><small>Aroma 5/10<br />Appearance 3/5<br />Taste 3/10<br />Palate 2/5<br />Overall 9/20<br /></small>;332370
9;Leffe 9┬░ / Rituel 9;MAY 24, 2017;Nottinghamshire, ENGLAND;3.7 out of 5.0<br /><small>Aroma 6/10<br />Appearance 4/5<br />Taste 8/10<br />Palate 4/5<br />Overall 15/20<br /></small>;477064
9;Leffe 9┬░ / Rituel 9;MAY 24, 2017;Nottinghamshire, ENGLAND;3.7 out of 5.0<br /><small>Aroma 6/10<br />Appearance 4/5<br />Taste 8/10<br />Palate 4/5<br />Overall 15/20<br /></small>;477064
8;Fischer Tradition;AUG 5, 2017;oviedo, SPAIN;3 out of 5.0<br />;500166
8;Fischer Tradition;AUG 5, 2017;oviedo, SPAIN;3 out of 5.0<br />;500166
2174;Leffe Ruby;JUL 17, 2017;GERMANY;2.3 out of 5.0<br /><small>Aroma 6/10<br />Appearance 4/5<br />Taste 4/10<br />Palate 2/5<br />Overall 7/20<br /></small>;385896
2174;Leffe Ruby;JUL 17, 2017;GERMANY;2.3 out of 5.0<br /><small>Aroma 6/10<br />Appearance 4/5<br />Taste 4/10<br />Palate 2/5<br />Overall 7/20<br /></small>;385896
1139;Kronenbourg 1664;OCT 3, 2017;Roeselare, BELGIUM;1.9 out of 5.0<br /><small>Aroma 5/10<br />Appearance 2/5<br />Taste 5/10<br />Palate 2/5<br />Overall 5/20<br /></small>;185804
1139;Kronenbourg 1664;OCT 3, 2017;Roeselare, BELGIUM;1.9 out of 5.0<br /><small>Aroma 5/10<br />Appearance 2/5<br />Taste 5/10<br />Palate 2/5<br />Overall 5/20<br /></small>;185804
9;Kronenbourg 1664 Blanc;OCT 28, 2017;─░stanbul, TURKEY;3 out of 5.0<br /><small>Aroma 7/10<br />Appearance 3/5<br />Taste 7/10<br />Palate 4/5<br />Overall 9/20<br /></small>;506965
663;Bavaria 8.6 (Original);MAY 19, 2017;Bydgoszcz, POLAND;2.8 out of 5.0<br /><small>Aroma 5/10<br />Appearance 3/5<br />Taste 6/10<br />Palate 3/5<br />Overall 11/20<br /></small>;467194
1763;Kronenbourg (Original);JUL 8, 2017;SWITZERLAND;2.2 out of 5.0<br /><small>Aroma 5/10<br />Appearance 3/5<br />Taste 3/10<br />Palate 2/5<br />Overall 9/20<br /></small>;332370
1763;Kronenbourg (Original);JUL 8, 2017;SWITZERLAND;2.2 out of 5.0<br /><small>Aroma 5/10<br />Appearance 3/5<br />Taste 3/10<br />Palate 2/5<br />Overall 9/20<br /></small>;332370
9;Leffe 9┬░ / Rituel 9;MAY 24, 2017;Nottinghamshire, ENGLAND;3.7 out of 5.0<br /><small>Aroma 6/10<br />Appearance 4/5<br />Taste 8/10<br />Palate 4/5<br />Overall 15/20<br /></small>;477064
9;Leffe 9┬░ / Rituel 9;MAY 24, 2017;Nottinghamshire, ENGLAND;3.7 out of 5.0<br /><small>Aroma 6/10<br />Appearance 4/5<br />Taste 8/10<br />Palate 4/5<br />Overall 15/20<br /></small>;477064
8;Fischer Tradition;AUG 5, 2017;oviedo, SPAIN;3 out of 5.0<br />;500166
8;Fischer Tradition;AUG 5, 2017;oviedo, SPAIN;3 out of 5.0<br />;500166
2174;Leffe Ruby;JUL 17, 2017;GERMANY;2.3 out of 5.0<br /><small>Aroma 6/10<br />Appearance 4/5<br />Taste 4/10<br />Palate 2/5<br />Overall 7/20<br /></small>;385896
2174;Leffe Ruby;JUL 17, 2017;GERMANY;2.3 out of 5.0<br /><small>Aroma 6/10<br />Appearance 4/5<br />Taste 4/10<br />Palate 2/5<br />Overall 7/20<br /></small>;385896
1139;Kronenbourg 1664;OCT 3, 2017;Roeselare, BELGIUM;1.9 out of 5.0<br /><small>Aroma 5/10<br />Appearance 2/5<br />Taste 5/10<br />Palate 2/5<br />Overall 5/20<br /></small>;185804
1139;Kronenbourg 1664;OCT 3, 2017;Roeselare, BELGIUM;1.9 out of 5.0<br /><small>Aroma 5/10<br />Appearance 2/5<br />Taste 5/10<br />Palate 2/5<br />Overall 5/20<br /></small>;185804
9;Kronenbourg 1664 Blanc;OCT 28, 2017;─░stanbul, TURKEY;3 out of 5.0<br /><small>Aroma 7/10<br />Appearance 3/5<br />Taste 7/10<br />Palate 4/5<br />Overall 9/20<br /></small>;506965
9;Kronenbourg 1664 Blanc;OCT 28, 2017;─░stanbul, TURKEY;3 out of 5.0<br /><small>Aroma 7/10<br />Appearance 3/5<br />Taste 7/10<br />Palate 4/5<br />Overall 9/20<br /></small>;506965
663;Bavaria 8.6 (Original);MAY 19, 2017;Bydgoszcz, POLAND;2.8 out of 5.0<br /><small>Aroma 5/10<br />Appearance 3/5<br />Taste 6/10<br />Palate 3/5<br />Overall 11/20<br /></small>;467194
663;Bavaria 8.6 (Original);MAY 19, 2017;Bydgoszcz, POLAND;2.8 out of 5.0<br /><small>Aroma 5/10<br />Appearance 3/5<br />Taste 6/10<br />Palate 3/5<br />Overall 11/20<br /></small>;467194
1763;Kronenbourg (Original);JUL 8, 2017;SWITZERLAND;2.2 out of 5.0<br /><small>Aroma 5/10<br />Appearance 3/5<br />Taste 3/10<br />Palate 2/5<br />Overall 9/20<br /></small>;332370
1763;Kronenbourg (Original);JUL 8, 2017;SWITZERLAND;2.2 out of 5.0<br /><small>Aroma 5/10<br />Appearance 3/5<br />Taste 3/10<br />Palate 2/5<br />Overall 9/20<br /></small>;332370
9;Leffe 9┬░ / Rituel 9;MAY 24, 2017;Nottinghamshire, ENGLAND;3.7 out of 5.0<br /><small>Aroma 6/10<br />Appearance 4/5<br />Taste 8/10<br />Palate 4/5<br />Overall 15/20<br /></small>;477064
2174;Leffe Ruby;JUL 17, 2017;GERMANY;2.3 out of 5.0<br /><small>Aroma 6/10<br />Appearance 4/5<br />Taste 4/10<br />Palate 2/5<br />Overall 7/20<br /></small>;385896
2174;Leffe Ruby;JUL 17, 2017;GERMANY;2.3 out of 5.0<br /><small>Aroma 6/10<br />Appearance 4/5<br />Taste 4/10<br />Palate 2/5<br />Overall 7/20<br /></small>;385896
1139;Kronenbourg 1664;OCT 3, 2017;Roeselare, BELGIUM;1.9 out of 5.0<br /><small>Aroma 5/10<br />Appearance 2/5<br />Taste 5/10<br />Palate 2/5<br />Overall 5/20<br /></small>;185804
9;Kronenbourg 1664 Blanc;OCT 28, 2017;─░stanbul, TURKEY;3 out of 5.0<br /><small>Aroma 7/10<br />Appearance 3/5<br />Taste 7/10<br />Palate 4/5<br />Overall 9/20<br /></small>;506965
9;Kronenbourg 1664 Blanc;OCT 28, 2017;─░stanbul, TURKEY;3 out of 5.0<br /><small>Aroma 7/10<br />Appearance 3/5<br />Taste 7/10<br />Palate 4/5<br />Overall 9/20<br /></small>;506965
663;Bavaria 8.6 (Original);MAY 19, 2017;Bydgoszcz, POLAND;2.8 out of 5.0<br /><small>Aroma 5/10<br />Appearance 3/5<br />Taste 6/10<br />Palate 3/5<br />Overall 11/20<br /></small>;467194
663;Bavaria 8.6 (Original);MAY 19, 2017;Bydgoszcz, POLAND;2.8 out of 5.0<br /><small>Aroma 5/10<br />Appearance 3/5<br />Taste 6/10<br />Palate 3/5<br />Overall 11/20<br /></small>;467194
1763;Kronenbourg (Original);JUL 8, 2017;SWITZERLAND;2.2 out of 5.0<br /><small>Aroma 5/10<br />Appearance 3/5<br />Taste 3/10<br />Palate 2/5<br />Overall 9/20<br /></small>;332370
9;Leffe 9┬░ / Rituel 9;MAY 24, 2017;Nottinghamshire, ENGLAND;3.7 out of 5.0<br /><small>Aroma 6/10<br />Appearance 4/5<br />Taste 8/10<br />Palate 4/5<br />Overall 15/20<br /></small>;477064
9;Leffe 9┬░ / Rituel 9;MAY 24, 2017;Nottinghamshire, ENGLAND;3.7 out of 5.0<br /><small>Aroma 6/10<br />Appearance 4/5<br />Taste 8/10<br />Palate 4/5<br />Overall 15/20<br /></small>;477064
2174;Leffe Ruby;JUL 17, 2017;GERMANY;2.3 out of 5.0<br /><small>Aroma 6/10<br />Appearance 4/5<br />Taste 4/10<br />Palate 2/5<br />Overall 7/20<br /></small>;385896
9;Kronenbourg 1664 Blanc;OCT 28, 2017;─░stanbul, TURKEY;3 out of 5.0<br /><small>Aroma 7/10<br />Appearance 3/5<br />Taste 7/10<br />Palate 4/5<br />Overall 9/20<br /></small>;506965
663;Bavaria 8.6 (Original);MAY 19, 2017;Bydgoszcz, POLAND;2.8 out of 5.0<br /><small>Aroma 5/10<br />Appearance 3/5<br />Taste 6/10<br />Palate 3/5<br />Overall 11/20<br /></small>;467194
663;Bavaria 8.6 (Original);MAY 19, 2017;Bydgoszcz, POLAND;2.8 out of 5.0<br /><small>Aroma 5/10<br />Appearance 3/5<br />Taste 6/10<br />Palate 3/5<br />Overall 11/20<br /></small>;467194
2174;Leffe Ruby;JUL 17, 2017;GERMANY;2.3 out of 5.0<br /><small>Aroma 6/10<br />Appearance 4/5<br />Taste 4/10<br />Palate 2/5<br />Overall 7/20<br /></small>;385896
2174;Leffe Ruby;JUL 17, 2017;GERMANY;2.3 out of 5.0<br /><small>Aroma 6/10<br />Appearance 4/5<br />Taste 4/10<br />Palate 2/5<br />Overall 7/20<br /></small>;385896
9;Kronenbourg 1664 Blanc;OCT 28, 2017;─░stanbul, TURKEY;3 out of 5.0<br /><small>Aroma 7/10<br />Appearance 3/5<br />Taste 7/10<br />Palate 4/5<br />Overall 9/20<br /></small>;506965
9;Kronenbourg 1664 Blanc;OCT 28, 2017;─░stanbul, TURKEY;3 out of 5.0<br /><small>Aroma 7/10<br />Appearance 3/5<br />Taste 7/10<br />Palate 4/5<br />Overall 9/20<br /></small>;506965
663;Bavaria 8.6 (Original);MAY 19, 2017;Bydgoszcz, POLAND;2.8 out of 5.0<br /><small>Aroma 5/10<br />Appearance 3/5<br />Taste 6/10<br />Palate 3/5<br />Overall 11/20<br /></small>;467194
663;Bavaria 8.6 (Original);MAY 19, 2017;Bydgoszcz, POLAND;2.8 out of 5.0<br /><small>Aroma 5/10<br />Appearance 3/5<br />Taste 6/10<br />Palate 3/5<br />Overall 11/20<br /></small>;467194
1310;Leffe Tripel (Triple);OCT 10, 2017;Steinbach, GERMANY;3.3 out of 5.0<br /><small>Aroma 8/10<br />Appearance 4/5<br />Taste 8/10<br />Palate 4/5<br />Overall 9/20<br /></small>;498840
9;Kronenbourg 1664 Blanc;OCT 28, 2017;─░stanbul, TURKEY;3 out of 5.0<br /><small>Aroma 7/10<br />Appearance 3/5<br />Taste 7/10<br />Palate 4/5<br />Overall 9/20<br /></small>;506965
9;Kronenbourg 1664 Blanc;OCT 28, 2017;─░stanbul, TURKEY;3 out of 5.0<br /><small>Aroma 7/10<br />Appearance 3/5<br />Taste 7/10<br />Palate 4/5<br />Overall 9/20<br /></small>;506965
663;Bavaria 8.6 (Original);MAY 19, 2017;Bydgoszcz, POLAND;2.8 out of 5.0<br /><small>Aroma 5/10<br />Appearance 3/5<br />Taste 6/10<br />Palate 3/5<br />Overall 11/20<br /></small>;467194
1310;Leffe Tripel (Triple);OCT 10, 2017;Steinbach, GERMANY;3.3 out of 5.0<br /><small>Aroma 8/10<br />Appearance 4/5<br />Taste 8/10<br />Palate 4/5<br />Overall 9/20<br /></small>;498840
1310;Leffe Tripel (Triple);OCT 10, 2017;Steinbach, GERMANY;3.3 out of 5.0<br /><small>Aroma 8/10<br />Appearance 4/5<br />Taste 8/10<br />Palate 4/5<br />Overall 9/20<br /></small>;498840
209;Davelghem Blonde;MAY 7, 2011;Aarhus, DENMARK;3 out of 5.0<br /><small>Aroma 6/10<br />Appearance 4/5<br />Taste 5/10<br />Palate 3/5<br />Overall 12/20<br /></small>;128035
1310;Leffe Tripel (Triple);OCT 10, 2017;Steinbach, GERMANY;3.3 out of 5.0<br /><small>Aroma 8/10<br />Appearance 4/5<br />Taste 8/10<br />Palate 4/5<br />Overall 9/20<br /></small>;498840
1310;Leffe Tripel (Triple);OCT 10, 2017;Steinbach, GERMANY;3.3 out of 5.0<br /><small>Aroma 8/10<br />Appearance 4/5<br />Taste 8/10<br />Palate 4/5<br />Overall 9/20<br /></small>;498840
209;Davelghem Blonde;MAY 7, 2011;Aarhus, DENMARK;3 out of 5.0<br /><small>Aroma 6/10<br />Appearance 4/5<br />Taste 5/10<br />Palate 3/5<br />Overall 12/20<br /></small>;128035
209;Davelghem Blonde;MAY 7, 2011;Aarhus, DENMARK;3 out of 5.0<br /><small>Aroma 6/10<br />Appearance 4/5<br />Taste 5/10<br />Palate 3/5<br />Overall 12/20<br /></small>;128035
1310;Leffe Tripel (Triple);OCT 10, 2017;Steinbach, GERMANY;3.3 out of 5.0<br /><small>Aroma 8/10<br />Appearance 4/5<br />Taste 8/10<br />Palate 4/5<br />Overall 9/20<br /></small>;498840
1310;Leffe Tripel (Triple);OCT 10, 2017;Steinbach, GERMANY;3.3 out of 5.0<br /><small>Aroma 8/10<br />Appearance 4/5<br />Taste 8/10<br />Palate 4/5<br />Overall 9/20<br /></small>;498840
209;Davelghem Blonde;MAY 7, 2011;Aarhus, DENMARK;3 out of 5.0<br /><small>Aroma 6/10<br />Appearance 4/5<br />Taste 5/10<br />Palate 3/5<br />Overall 12/20<br /></small>;128035
209;Davelghem Blonde;MAY 7, 2011;Aarhus, DENMARK;3 out of 5.0<br /><small>Aroma 6/10<br />Appearance 4/5<br />Taste 5/10<br />Palate 3/5<br />Overall 12/20<br /></small>;128035
1310;Leffe Tripel (Triple);OCT 10, 2017;Steinbach, GERMANY;3.3 out of 5.0<br /><small>Aroma 8/10<br />Appearance 4/5<br />Taste 8/10<br />Palate 4/5<br />Overall 9/20<br /></small>;498840
1310;Leffe Tripel (Triple);OCT 10, 2017;Steinbach, GERMANY;3.3 out of 5.0<br /><small>Aroma 8/10<br />Appearance 4/5<br />Taste 8/10<br />Palate 4/5<br />Overall 9/20<br /></small>;498840
209;Davelghem Blonde;MAY 7, 2011;Aarhus, DENMARK;3 out of 5.0<br /><small>Aroma 6/10<br />Appearance 4/5<br />Taste 5/10<br />Palate 3/5<br />Overall 12/20<br /></small>;128035
209;Davelghem Blonde;MAY 7, 2011;Aarhus, DENMARK;3 out of 5.0<br /><small>Aroma 6/10<br />Appearance 4/5<br />Taste 5/10<br />Palate 3/5<br />Overall 12/20<br /></small>;128035
1310;Leffe Tripel (Triple);OCT 10, 2017;Steinbach, GERMANY;3.3 out of 5.0<br /><small>Aroma 8/10<br />Appearance 4/5<br />Taste 8/10<br />Palate 4/5<br />Overall 9/20<br /></small>;498840
209;Davelghem Blonde;MAY 7, 2011;Aarhus, DENMARK;3 out of 5.0<br /><small>Aroma 6/10<br />Appearance 4/5<br />Taste 5/10<br />Palate 3/5<br />Overall 12/20<br /></small>;128035
209;Davelghem Blonde;MAY 7, 2011;Aarhus, DENMARK;3 out of 5.0<br /><small>Aroma 6/10<br />Appearance 4/5<br />Taste 5/10<br />Palate 3/5<br />Overall 12/20<br /></small>;128035
209;Davelghem Blonde;MAY 7, 2011;Aarhus, DENMARK;3 out of 5.0<br /><small>Aroma 6/10<br />Appearance 4/5<br />Taste 5/10<br />Palate 3/5<br />Overall 12/20<br /></small>;128035
20;La Chouffe;DEC 26, 2017;Bielefeld, GERMANY;4 out of 5.0<br /><small>Aroma 8/10<br />Appearance 4/5<br />Taste 8/10<br />Palate 4/5<br />Overall 16/20<br /></small>;395697
20;La Chouffe;DEC 26, 2017;Bielefeld, GERMANY;4 out of 5.0<br /><small>Aroma 8/10<br />Appearance 4/5<br />Taste 8/10<br />Palate 4/5<br />Overall 16/20<br /></small>;395697
20;La Chouffe;DEC 26, 2017;Bielefeld, GERMANY;4 out of 5.0<br /><small>Aroma 8/10<br />Appearance 4/5<br />Taste 8/10<br />Palate 4/5<br />Overall 16/20<br /></small>;395697
20;La Chouffe;DEC 26, 2017;Bielefeld, GERMANY;4 out of 5.0<br /><small>Aroma 8/10<br />Appearance 4/5<br />Taste 8/10<br />Palate 4/5<br />Overall 16/20<br /></small>;395697
20;La Chouffe;DEC 26, 2017;Bielefeld, GERMANY;4 out of 5.0<br /><small>Aroma 8/10<br />Appearance 4/5<br />Taste 8/10<br />Palate 4/5<br />Overall 16/20<br /></small>;395697
20;La Chouffe;DEC 26, 2017;Bielefeld, GERMANY;4 out of 5.0<br /><small>Aroma 8/10<br />Appearance 4/5<br />Taste 8/10<br />Palate 4/5<br />Overall 16/20<br /></small>;395697
20;La Chouffe;DEC 26, 2017;Bielefeld, GERMANY;4 out of 5.0<br /><small>Aroma 8/10<br />Appearance 4/5<br />Taste 8/10<br />Palate 4/5<br />Overall 16/20<br /></small>;395697
52855;Kellegen Extra Forte 8.0;SEP 22, 2010;VestJylland, DENMARK;2.3 out of 5.0<br /><small>Aroma 4/10<br />Appearance 2/5<br />Taste 5/10<br />Palate 3/5<br />Overall 9/20<br /></small>;38926
20;La Chouffe;DEC 26, 2017;Bielefeld, GERMANY;4 out of 5.0<br /><small>Aroma 8/10<br />Appearance 4/5<br />Taste 8/10<br />Palate 4/5<br />Overall 16/20<br /></small>;395697
20;La Chouffe;DEC 26, 2017;Bielefeld, GERMANY;4 out of 5.0<br /><small>Aroma 8/10<br />Appearance 4/5<br />Taste 8/10<br />Palate 4/5<br />Overall 16/20<br /></small>;395697
52855;Kellegen Extra Forte 8.0;SEP 22, 2010;VestJylland, DENMARK;2.3 out of 5.0<br /><small>Aroma 4/10<br />Appearance 2/5<br />Taste 5/10<br />Palate 3/5<br />Overall 9/20<br /></small>;38926
20;La Chouffe;DEC 26, 2017;Bielefeld, GERMANY;4 out of 5.0<br /><small>Aroma 8/10<br />Appearance 4/5<br />Taste 8/10<br />Palate 4/5<br />Overall 16/20<br /></small>;395697
52855;Kellegen Extra Forte 8.0;SEP 22, 2010;VestJylland, DENMARK;2.3 out of 5.0<br /><small>Aroma 4/10<br />Appearance 2/5<br />Taste 5/10<br />Palate 3/5<br />Overall 9/20<br /></small>;38926
52855;Kellegen Extra Forte 8.0;SEP 22, 2010;VestJylland, DENMARK;2.3 out of 5.0<br /><small>Aroma 4/10<br />Appearance 2/5<br />Taste 5/10<br />Palate 3/5<br />Overall 9/20<br /></small>;38926
52855;Kellegen Extra Forte 8.0;SEP 22, 2010;VestJylland, DENMARK;2.3 out of 5.0<br /><small>Aroma 4/10<br />Appearance 2/5<br />Taste 5/10<br />Palate 3/5<br />Overall 9/20<br /></small>;38926
52855;Kellegen Extra Forte 8.0;SEP 22, 2010;VestJylland, DENMARK;2.3 out of 5.0<br /><small>Aroma 4/10<br />Appearance 2/5<br />Taste 5/10<br />Palate 3/5<br />Overall 9/20<br /></small>;38926
52855;Kellegen Extra Forte 8.0;SEP 22, 2010;VestJylland, DENMARK;2.3 out of 5.0<br /><small>Aroma 4/10<br />Appearance 2/5<br />Taste 5/10<br />Palate 3/5<br />Overall 9/20<br /></small>;38926
52855;Kellegen Extra Forte 8.0;SEP 22, 2010;VestJylland, DENMARK;2.3 out of 5.0<br /><small>Aroma 4/10<br />Appearance 2/5<br />Taste 5/10<br />Palate 3/5<br />Overall 9/20<br /></small>;38926
52855;Kellegen Extra Forte 8.0;SEP 22, 2010;VestJylland, DENMARK;2.3 out of 5.0<br /><small>Aroma 4/10<br />Appearance 2/5<br />Taste 5/10<br />Palate 3/5<br />Overall 9/20<br /></small>;38926
52855;Kellegen Extra Forte 8.0;SEP 22, 2010;VestJylland, DENMARK;2.3 out of 5.0<br /><small>Aroma 4/10<br />Appearance 2/5<br />Taste 5/10<br />Palate 3/5<br />Overall 9/20<br /></small>;38926
10;Leffe Blonde;JAN 7, 2018;DENMARK;3.1 out of 5.0<br /><small>Aroma 6/10<br />Appearance 5/5<br />Taste 6/10<br />Palate 4/5<br />Overall 10/20<br /></small>;531373
10;Leffe Blonde;JAN 7, 2018;DENMARK;3.1 out of 5.0<br /><small>Aroma 6/10<br />Appearance 5/5<br />Taste 6/10<br />Palate 4/5<br />Overall 10/20<br /></small>;531373
10;Leffe Blonde;JAN 7, 2018;DENMARK;3.1 out of 5.0<br /><small>Aroma 6/10<br />Appearance 5/5<br />Taste 6/10<br />Palate 4/5<br />Overall 10/20<br /></small>;531373
10;Leffe Blonde;JAN 7, 2018;DENMARK;3.1 out of 5.0<br /><small>Aroma 6/10<br />Appearance 5/5<br />Taste 6/10<br />Palate 4/5<br />Overall 10/20<br /></small>;531373
10;Leffe Blonde;JAN 7, 2018;DENMARK;3.1 out of 5.0<br /><small>Aroma 6/10<br />Appearance 5/5<br />Taste 6/10<br />Palate 4/5<br />Overall 10/20<br /></small>;531373
10;Leffe Blonde;JAN 7, 2018;DENMARK;3.1 out of 5.0<br /><small>Aroma 6/10<br />Appearance 5/5<br />Taste 6/10<br />Palate 4/5<br />Overall 10/20<br /></small>;531373
10;Leffe Blonde;JAN 7, 2018;DENMARK;3.1 out of 5.0<br /><small>Aroma 6/10<br />Appearance 5/5<br />Taste 6/10<br />Palate 4/5<br />Overall 10/20<br /></small>;531373
10;Leffe Blonde;JAN 7, 2018;DENMARK;3.1 out of 5.0<br /><small>Aroma 6/10<br />Appearance 5/5<br />Taste 6/10<br />Palate 4/5<br />Overall 10/20<br /></small>;531373
10;Leffe Blonde;JAN 7, 2018;DENMARK;3.1 out of 5.0<br /><small>Aroma 6/10<br />Appearance 5/5<br />Taste 6/10<br />Palate 4/5<br />Overall 10/20<br /></small>;531373
10;Leffe Blonde;JAN 7, 2018;DENMARK;3.1 out of 5.0<br /><small>Aroma 6/10<br />Appearance 5/5<br />Taste 6/10<br />Palate 4/5<br />Overall 10/20<br /></small>;531373
436;Heineken;DEC 5, 2017;Czestochowa, POLAND;2.7 out of 5.0<br /><small>Aroma 6/10<br />Appearance 3/5<br />Taste 5/10<br />Palate 3/5<br />Overall 10/20<br /></small>;442039
436;Heineken;DEC 5, 2017;Czestochowa, POLAND;2.7 out of 5.0<br /><small>Aroma 6/10<br />Appearance 3/5<br />Taste 5/10<br />Palate 3/5<br />Overall 10/20<br /></small>;442039
436;Heineken;DEC 5, 2017;Czestochowa, POLAND;2.7 out of 5.0<br /><small>Aroma 6/10<br />Appearance 3/5<br />Taste 5/10<br />Palate 3/5<br />Overall 10/20<br /></small>;442039
436;Heineken;DEC 5, 2017;Czestochowa, POLAND;2.7 out of 5.0<br /><small>Aroma 6/10<br />Appearance 3/5<br />Taste 5/10<br />Palate 3/5<br />Overall 10/20<br /></small>;442039
436;Heineken;DEC 5, 2017;Czestochowa, POLAND;2.7 out of 5.0<br /><small>Aroma 6/10<br />Appearance 3/5<br />Taste 5/10<br />Palate 3/5<br />Overall 10/20<br /></small>;442039
436;Heineken;DEC 5, 2017;Czestochowa, POLAND;2.7 out of 5.0<br /><small>Aroma 6/10<br />Appearance 3/5<br />Taste 5/10<br />Palate 3/5<br />Overall 10/20<br /></small>;442039
436;Heineken;DEC 5, 2017;Czestochowa, POLAND;2.7 out of 5.0<br /><small>Aroma 6/10<br />Appearance 3/5<br />Taste 5/10<br />Palate 3/5<br />Overall 10/20<br /></small>;442039
436;Heineken;DEC 5, 2017;Czestochowa, POLAND;2.7 out of 5.0<br /><small>Aroma 6/10<br />Appearance 3/5<br />Taste 5/10<br />Palate 3/5<br />Overall 10/20<br /></small>;442039
436;Heineken;DEC 5, 2017;Czestochowa, POLAND;2.7 out of 5.0<br /><small>Aroma 6/10<br />Appearance 3/5<br />Taste 5/10<br />Palate 3/5<br />Overall 10/20<br /></small>;442039
436;Heineken;DEC 5, 2017;Czestochowa, POLAND;2.7 out of 5.0<br /><small>Aroma 6/10<br />Appearance 3/5<br />Taste 5/10<br />Palate 3/5<br />Overall 10/20<br /></small>;442039
518;Fischer Tradition;MAY 21, 2017;Johannesburg, SOUTH AFRICA;2.1 out of 5.0<br /><small>Aroma 4/10<br />Appearance 3/5<br />Taste 4/10<br />Palate 2/5<br />Overall 8/20<br /></small>;405082
518;Fischer Tradition;MAY 21, 2017;Johannesburg, SOUTH AFRICA;2.1 out of 5.0<br /><small>Aroma 4/10<br />Appearance 3/5<br />Taste 4/10<br />Palate 2/5<br />Overall 8/20<br /></small>;405082
518;Fischer Tradition;MAY 21, 2017;Johannesburg, SOUTH AFRICA;2.1 out of 5.0<br /><small>Aroma 4/10<br />Appearance 3/5<br />Taste 4/10<br />Palate 2/5<br />Overall 8/20<br /></small>;405082
518;Fischer Tradition;MAY 21, 2017;Johannesburg, SOUTH AFRICA;2.1 out of 5.0<br /><small>Aroma 4/10<br />Appearance 3/5<br />Taste 4/10<br />Palate 2/5<br />Overall 8/20<br /></small>;405082
518;Fischer Tradition;MAY 21, 2017;Johannesburg, SOUTH AFRICA;2.1 out of 5.0<br /><small>Aroma 4/10<br />Appearance 3/5<br />Taste 4/10<br />Palate 2/5<br />Overall 8/20<br /></small>;405082
518;Fischer Tradition;MAY 21, 2017;Johannesburg, SOUTH AFRICA;2.1 out of 5.0<br /><small>Aroma 4/10<br />Appearance 3/5<br />Taste 4/10<br />Palate 2/5<br />Overall 8/20<br /></small>;405082
518;Fischer Tradition;MAY 21, 2017;Johannesburg, SOUTH AFRICA;2.1 out of 5.0<br /><small>Aroma 4/10<br />Appearance 3/5<br />Taste 4/10<br />Palate 2/5<br />Overall 8/20<br /></small>;405082
518;Fischer Tradition;MAY 21, 2017;Johannesburg, SOUTH AFRICA;2.1 out of 5.0<br /><small>Aroma 4/10<br />Appearance 3/5<br />Taste 4/10<br />Palate 2/5<br />Overall 8/20<br /></small>;405082
518;Fischer Tradition;MAY 21, 2017;Johannesburg, SOUTH AFRICA;2.1 out of 5.0<br /><small>Aroma 4/10<br />Appearance 3/5<br />Taste 4/10<br />Palate 2/5<br />Overall 8/20<br /></small>;405082
518;Fischer Tradition;MAY 21, 2017;Johannesburg, SOUTH AFRICA;2.1 out of 5.0<br /><small>Aroma 4/10<br />Appearance 3/5<br />Taste 4/10<br />Palate 2/5<br />Overall 8/20<br /></small>;405082
